{"cameraMode":{"drawMode":0,"name":"Shaded","section":"Shading Mode"},"sceneLighting":true,"audioPlay":false,"sceneViewState":{"showFog":true,"showMaterialUpdate":false,"showSkybox":true,"showFlares":true,"showImageEffects":true,"showParticleSystems":true},"in2DMode":false,"pivot":{"x":24.444669723510743,"y":2.1244871616363527,"z":-33.84675216674805},"rotation":{"x":0.15715666115283967,"y":0.004441003780812025,"z":-0.0007028259569779038,"w":0.9875777363777161},"size":1.2247449159622193,"orthographic":false}