{"cameraMode":{"drawMode":0,"name":"Shaded","section":"Shading Mode"},"sceneLighting":false,"audioPlay":false,"sceneViewState":{"showFog":true,"showMaterialUpdate":false,"showSkybox":false,"showFlares":true,"showImageEffects":true,"showParticleSystems":true},"in2DMode":false,"pivot":{"x":-3.8898158073425295,"y":8.814918518066407,"z":0.3618583679199219},"rotation":{"x":0.11729295551776886,"y":-0.8793413639068604,"z":0.36487552523612978,"w":0.28275948762893679},"size":27.19158363342285,"orthographic":false}